<?xml version="1.0" encoding="UTF-8"?>
<beans xmlns="http://www.springframework.org/schema/beans"
	xmlns:xsi="http://www.w3.org/2001/XMLSchema-instance"
	xmlns:aop="http://www.springframework.org/schema/aop"
	xmlns:context="http://www.springframework.org/schema/context"
	xmlns:mvc="http://www.springframework.org/schema/mvc"
	xmlns:p="http://www.springframework.org/schema/p"
	xsi:schemaLocation="http://www.springframework.org/schema/beans http://www.springframework.org/schema/beans/spring-beans-4.3.xsd
		http://www.springframework.org/schema/aop http://www.springframework.org/schema/aop/spring-aop-4.3.xsd
		http://www.springframework.org/schema/context http://www.springframework.org/schema/context/spring-context-4.3.xsd
		http://www.springframework.org/schema/mvc http://www.springframework.org/schema/mvc/spring-mvc-4.3.xsd">

	<!--
	<bean id="mb" class="com.cdac.comp.MyBean" >
		<constructor-arg value="101" ></constructor-arg>
		<constructor-arg value="DI-1" ></constructor-arg>
	</bean>
	  -->
	  <!-- 
	<bean id="mb" class="com.cdac.comp.MyBean" >
		<constructor-arg value="102" type="int" ></constructor-arg>
		<constructor-arg value="DI-2" type="String" ></constructor-arg>
	</bean>
	 -->
	<bean id="mb" class="com.cdac.comp.MyBean" >
		<constructor-arg index="1" value="101" ></constructor-arg>
		<constructor-arg index="0" value="DI-1" ></constructor-arg>
	</bean>
</beans>
