<?xml version="1.0" encoding="UTF-8"?>
<beans xmlns="http://www.springframework.org/schema/beans"
	xmlns:xsi="http://www.w3.org/2001/XMLSchema-instance"
	xmlns:aop="http://www.springframework.org/schema/aop"
	xmlns:context="http://www.springframework.org/schema/context"
	xmlns:mvc="http://www.springframework.org/schema/mvc"
	xmlns:p="http://www.springframework.org/schema/p"
	xsi:schemaLocation="http://www.springframework.org/schema/beans http://www.springframework.org/schema/beans/spring-beans-4.3.xsd
		http://www.springframework.org/schema/aop http://www.springframework.org/schema/aop/spring-aop-4.3.xsd
		http://www.springframework.org/schema/context http://www.springframework.org/schema/context/spring-context-4.3.xsd
		http://www.springframework.org/schema/mvc http://www.springframework.org/schema/mvc/spring-mvc-4.3.xsd">

	
	<bean id="myColl" class="com.cdac.comp.MyColl" >
		<constructor-arg>
			<list>
				<value>list itm-1</value>
				<value>list itm-2</value>
			</list>
		</constructor-arg>
		<constructor-arg>
		
			<set>
				<value>set itm-1</value>
				<value>set itm-2</value>
			</set>
		</constructor-arg>
		<constructor-arg>
			<map>
				<entry key="key1" value="map-val1" ></entry>
				<entry key="key2" value="map-val2" ></entry>
			</map>
		</constructor-arg>
		<constructor-arg>
			<props>
				<prop key="prop-key1">prop-val1</prop>
				<prop key="prop-key2">prop-val2</prop>
			</props>
		</constructor-arg>
		<constructor-arg>
			<array>
				<value>arr-itm1</value>
				<value>arr-itm2</value>
			</array>
		</constructor-arg>
		
	</bean>

</beans>
