<?xml version="1.0"?>
<!DOCTYPE hibernate-mapping PUBLIC "-//Hibernate/Hibernate Mapping DTD 3.0//EN"
"http://hibernate.sourceforge.net/hibernate-mapping-3.0.dtd">
<!-- Generated Oct 20, 2020 12:06:29 PM by Hibernate Tools 3.5.0.Final -->
<hibernate-mapping package="com.dto" >
    <class name="Employee" table="emp" >
    	<id name="empId" column="emp_id" >
    	</id>
    	<property name="empName" column="emp_name" ></property>
    	<property name="basicSalary" column="basic_salary" ></property>
    	<property name="dept"></property>
    	<property name="joinDate" column="join_date" type="date" ></property>
    </class>
</hibernate-mapping>
