<?xml version="1.0" encoding="UTF-8"?>
<beans xmlns="http://www.springframework.org/schema/beans"
	xmlns:xsi="http://www.w3.org/2001/XMLSchema-instance"
	xmlns:aop="http://www.springframework.org/schema/aop"
	xmlns:context="http://www.springframework.org/schema/context"
	xmlns:mvc="http://www.springframework.org/schema/mvc"
	xmlns:p="http://www.springframework.org/schema/p"
	xsi:schemaLocation="http://www.springframework.org/schema/beans http://www.springframework.org/schema/beans/spring-beans-4.3.xsd
		http://www.springframework.org/schema/aop http://www.springframework.org/schema/aop/spring-aop-4.3.xsd
		http://www.springframework.org/schema/context http://www.springframework.org/schema/context/spring-context-4.3.xsd
		http://www.springframework.org/schema/mvc http://www.springframework.org/schema/mvc/spring-mvc-4.3.xsd">


<!-- 
	<bean id="rect" class="com.cdac.comp.Rectangle" >
		<property name="area" value="4.4" ></property>
		<property name="length" value="2.2"></property>
		<property name="breadth" value="2" ></property>
	</bean>
	<bean id="rect1" class="com.cdac.comp.Rectangle" >
		<property name="area" value="4.4" ></property>
		<property name="length" value="1.1"></property>
		<property name="breadth" value="4" ></property>
	</bean>
	 -->
	 
	 <bean id="sh" class="com.cdac.comp.Shape" abstract="true" >
	 	<property name="area" value="4.4" ></property>
	 </bean>
	 
	 <bean id="rect" class="com.cdac.comp.Rectangle" parent="sh" >
		<property name="length" value="2.2"></property>
		<property name="breadth" value="2" ></property>
	</bean>
	<bean id="rect1" class="com.cdac.comp.Rectangle" parent="sh" >
		<property name="length" value="1.1"></property>
		<property name="breadth" value="4" ></property>
	</bean>
	 
</beans>
